{"1": {"time_indicator": 0.05357595284779867, "time_full_set_function": 1.749256420135498, "time_fourier_transforms": 0.08355215390523275}}