{"1": {"time_indicator": 0.05221016804377238, "time_full_set_function": 1.50450541973114, "time_fourier_transforms": 0.09608339866002401}}